N,serial_s,openmp_s
128,0.022905,0.013197
256,0.151059,0.060077
512,1.1189,0.444283
1024,15.372,9.37781
